ID Region,Region,ID Comuna,Comuna,ID Year,Year,ID Level 1,Level 1,ID Level 2,Level 2,Output
1,Tarapacá,113,Iquique,2010,2010,R,"Arts, entertainment and recreation",91,"Libraries, archives, museums and other cultural activities",258887808.0
1,Tarapacá,113,Iquique,2011,2011,R,"Arts, entertainment and recreation",91,"Libraries, archives, museums and other cultural activities",258887856.0
1,Tarapacá,113,Iquique,2012,2012,R,"Arts, entertainment and recreation",91,"Libraries, archives, museums and other cultural activities",258887792.0
2,Antofagasta,9,Antofagasta,2006,2006,R,"Arts, entertainment and recreation",91,"Libraries, archives, museums and other cultural activities",8059939.0
2,Antofagasta,9,Antofagasta,2007,2007,R,"Arts, entertainment and recreation",91,"Libraries, archives, museums and other cultural activities",8427540.0
2,Antofagasta,9,Antofagasta,2008,2008,R,"Arts, entertainment and recreation",91,"Libraries, archives, museums and other cultural activities",14220480.0
2,Antofagasta,9,Antofagasta,2012,2012,R,"Arts, entertainment and recreation",91,"Libraries, archives, museums and other cultural activities",9886390.0
3,Atacama,21,Caldera,2012,2012,R,"Arts, entertainment and recreation",91,"Libraries, archives, museums and other cultural activities",6334882.0
3,Atacama,21,Caldera,2013,2013,R,"Arts, entertainment and recreation",91,"Libraries, archives, museums and other cultural activities",6316891.0
3,Atacama,21,Caldera,2014,2014,R,"Arts, entertainment and recreation",91,"Libraries, archives, museums and other cultural activities",6160223.0
3,Atacama,81,Diego De Almagro,2005,2005,R,"Arts, entertainment and recreation",91,"Libraries, archives, museums and other cultural activities",197543920.0
3,Atacama,81,Diego De Almagro,2006,2006,R,"Arts, entertainment and recreation",91,"Libraries, archives, museums and other cultural activities",284587584.0
3,Atacama,81,Diego De Almagro,2007,2007,R,"Arts, entertainment and recreation",91,"Libraries, archives, museums and other cultural activities",250292128.0
3,Atacama,81,Diego De Almagro,2008,2008,R,"Arts, entertainment and recreation",91,"Libraries, archives, museums and other cultural activities",56799328.0
3,Atacama,81,Diego De Almagro,2009,2009,R,"Arts, entertainment and recreation",91,"Libraries, archives, museums and other cultural activities",13225429.0
3,Atacama,81,Diego De Almagro,2010,2010,R,"Arts, entertainment and recreation",91,"Libraries, archives, museums and other cultural activities",14766353.0
3,Atacama,81,Diego De Almagro,2011,2011,R,"Arts, entertainment and recreation",91,"Libraries, archives, museums and other cultural activities",19819616.0
3,Atacama,81,Diego De Almagro,2012,2012,R,"Arts, entertainment and recreation",91,"Libraries, archives, museums and other cultural activities",8552490.0
3,Atacama,81,Diego De Almagro,2013,2013,R,"Arts, entertainment and recreation",91,"Libraries, archives, museums and other cultural activities",23044064.0
3,Atacama,81,Diego De Almagro,2014,2014,R,"Arts, entertainment and recreation",91,"Libraries, archives, museums and other cultural activities",11830366.0
4,Coquimbo,7,Andacollo,2010,2010,R,"Arts, entertainment and recreation",91,"Libraries, archives, museums and other cultural activities",13581578.0
4,Coquimbo,7,Andacollo,2011,2011,R,"Arts, entertainment and recreation",91,"Libraries, archives, museums and other cultural activities",1718869.75
4,Coquimbo,111,Illapel,2008,2008,R,"Arts, entertainment and recreation",91,"Libraries, archives, museums and other cultural activities",4105592.75
4,Coquimbo,111,Illapel,2009,2009,R,"Arts, entertainment and recreation",91,"Libraries, archives, museums and other cultural activities",725880.25
4,Coquimbo,111,Illapel,2010,2010,R,"Arts, entertainment and recreation",91,"Libraries, archives, museums and other cultural activities",3390406.0
4,Coquimbo,126,La Serena,2005,2005,R,"Arts, entertainment and recreation",91,"Libraries, archives, museums and other cultural activities",6386450.5
4,Coquimbo,126,La Serena,2006,2006,R,"Arts, entertainment and recreation",91,"Libraries, archives, museums and other cultural activities",1368260.625
4,Coquimbo,126,La Serena,2007,2007,R,"Arts, entertainment and recreation",91,"Libraries, archives, museums and other cultural activities",147758.625
4,Coquimbo,126,La Serena,2008,2008,R,"Arts, entertainment and recreation",91,"Libraries, archives, museums and other cultural activities",42905.140625
4,Coquimbo,126,La Serena,2009,2009,R,"Arts, entertainment and recreation",91,"Libraries, archives, museums and other cultural activities",97384.390625
4,Coquimbo,126,La Serena,2010,2010,R,"Arts, entertainment and recreation",91,"Libraries, archives, museums and other cultural activities",93546.1982421875
4,Coquimbo,156,Los Vilos,2012,2012,R,"Arts, entertainment and recreation",91,"Libraries, archives, museums and other cultural activities",7484914.0
5,Valparaíso,16,Cabildo,2010,2010,R,"Arts, entertainment and recreation",91,"Libraries, archives, museums and other cultural activities",1601013.125
5,Valparaíso,16,Cabildo,2011,2011,R,"Arts, entertainment and recreation",91,"Libraries, archives, museums and other cultural activities",1888973.125
5,Valparaíso,16,Cabildo,2012,2012,R,"Arts, entertainment and recreation",91,"Libraries, archives, museums and other cultural activities",2172383.75
5,Valparaíso,16,Cabildo,2013,2013,R,"Arts, entertainment and recreation",91,"Libraries, archives, museums and other cultural activities",2492025.0
5,Valparaíso,16,Cabildo,2014,2014,R,"Arts, entertainment and recreation",91,"Libraries, archives, museums and other cultural activities",2627465.25
5,Valparaíso,24,Calle Larga,2012,2012,R,"Arts, entertainment and recreation",91,"Libraries, archives, museums and other cultural activities",2337294.0
5,Valparaíso,24,Calle Larga,2013,2013,R,"Arts, entertainment and recreation",91,"Libraries, archives, museums and other cultural activities",2547968.0
5,Valparaíso,24,Calle Larga,2014,2014,R,"Arts, entertainment and recreation",91,"Libraries, archives, museums and other cultural activities",2576241.0
5,Valparaíso,30,Cartagena,2006,2006,R,"Arts, entertainment and recreation",91,"Libraries, archives, museums and other cultural activities",912785.0
5,Valparaíso,30,Cartagena,2007,2007,R,"Arts, entertainment and recreation",91,"Libraries, archives, museums and other cultural activities",1130265.25
5,Valparaíso,30,Cartagena,2008,2008,R,"Arts, entertainment and recreation",91,"Libraries, archives, museums and other cultural activities",2999927.5
5,Valparaíso,30,Cartagena,2009,2009,R,"Arts, entertainment and recreation",91,"Libraries, archives, museums and other cultural activities",11164440.0
5,Valparaíso,30,Cartagena,2010,2010,R,"Arts, entertainment and recreation",91,"Libraries, archives, museums and other cultural activities",10309606.0
5,Valparaíso,30,Cartagena,2011,2011,R,"Arts, entertainment and recreation",91,"Libraries, archives, museums and other cultural activities",17751622.0
5,Valparaíso,30,Cartagena,2012,2012,R,"Arts, entertainment and recreation",91,"Libraries, archives, museums and other cultural activities",14377110.0
5,Valparaíso,30,Cartagena,2013,2013,R,"Arts, entertainment and recreation",91,"Libraries, archives, museums and other cultural activities",18912910.0
5,Valparaíso,30,Cartagena,2014,2014,R,"Arts, entertainment and recreation",91,"Libraries, archives, museums and other cultural activities",18685812.0
5,Valparaíso,63,Con Cón,2005,2005,R,"Arts, entertainment and recreation",91,"Libraries, archives, museums and other cultural activities",200825.015625
5,Valparaíso,63,Con Cón,2008,2008,R,"Arts, entertainment and recreation",91,"Libraries, archives, museums and other cultural activities",2135817.75
5,Valparaíso,63,Con Cón,2009,2009,R,"Arts, entertainment and recreation",91,"Libraries, archives, museums and other cultural activities",3168239.0
5,Valparaíso,63,Con Cón,2010,2010,R,"Arts, entertainment and recreation",91,"Libraries, archives, museums and other cultural activities",2647614.75
5,Valparaíso,138,Limache,2005,2005,R,"Arts, entertainment and recreation",91,"Libraries, archives, museums and other cultural activities",1100685.875
5,Valparaíso,242,Putaendo,2007,2007,R,"Arts, entertainment and recreation",91,"Libraries, archives, museums and other cultural activities",33750.9765625
5,Valparaíso,242,Putaendo,2008,2008,R,"Arts, entertainment and recreation",91,"Libraries, archives, museums and other cultural activities",241770.46875
5,Valparaíso,242,Putaendo,2009,2009,R,"Arts, entertainment and recreation",91,"Libraries, archives, museums and other cultural activities",49844.0546875
5,Valparaíso,242,Putaendo,2010,2010,R,"Arts, entertainment and recreation",91,"Libraries, archives, museums and other cultural activities",16949.884765625
5,Valparaíso,257,Quintero,2012,2012,R,"Arts, entertainment and recreation",91,"Libraries, archives, museums and other cultural activities",994257.875
5,Valparaíso,257,Quintero,2013,2013,R,"Arts, entertainment and recreation",91,"Libraries, archives, museums and other cultural activities",1673160.25
5,Valparaíso,257,Quintero,2014,2014,R,"Arts, entertainment and recreation",91,"Libraries, archives, museums and other cultural activities",998382.625
5,Valparaíso,279,San Antonio,2012,2012,R,"Arts, entertainment and recreation",91,"Libraries, archives, museums and other cultural activities",3059290.0
5,Valparaíso,279,San Antonio,2013,2013,R,"Arts, entertainment and recreation",91,"Libraries, archives, museums and other cultural activities",4714125.5
5,Valparaíso,279,San Antonio,2014,2014,R,"Arts, entertainment and recreation",91,"Libraries, archives, museums and other cultural activities",5369200.5
5,Valparaíso,331,Valparaiso,2010,2010,R,"Arts, entertainment and recreation",91,"Libraries, archives, museums and other cultural activities",83689088.0
5,Valparaíso,331,Valparaiso,2011,2011,R,"Arts, entertainment and recreation",91,"Libraries, archives, museums and other cultural activities",86430608.0
5,Valparaíso,331,Valparaiso,2012,2012,R,"Arts, entertainment and recreation",91,"Libraries, archives, museums and other cultural activities",77093472.0
5,Valparaíso,331,Valparaiso,2013,2013,R,"Arts, entertainment and recreation",91,"Libraries, archives, museums and other cultural activities",94703245.0
5,Valparaíso,331,Valparaiso,2014,2014,R,"Arts, entertainment and recreation",91,"Libraries, archives, museums and other cultural activities",52625404.0
5,Valparaíso,339,Viña Del Mar,2010,2010,R,"Arts, entertainment and recreation",91,"Libraries, archives, museums and other cultural activities",75064171.5
5,Valparaíso,339,Viña Del Mar,2011,2011,R,"Arts, entertainment and recreation",91,"Libraries, archives, museums and other cultural activities",149266553.5
6,O'Higgins,56,Coinco,2012,2012,R,"Arts, entertainment and recreation",91,"Libraries, archives, museums and other cultural activities",2722389.0
6,O'Higgins,56,Coinco,2013,2013,R,"Arts, entertainment and recreation",91,"Libraries, archives, museums and other cultural activities",680172.9375
6,O'Higgins,56,Coinco,2014,2014,R,"Arts, entertainment and recreation",91,"Libraries, archives, museums and other cultural activities",135941.59375
6,O'Higgins,223,Placilla,2005,2005,R,"Arts, entertainment and recreation",91,"Libraries, archives, museums and other cultural activities",6467425.5
6,O'Higgins,223,Placilla,2006,2006,R,"Arts, entertainment and recreation",91,"Libraries, archives, museums and other cultural activities",10561572.0
6,O'Higgins,259,Rancagua,2006,2006,R,"Arts, entertainment and recreation",91,"Libraries, archives, museums and other cultural activities",74262.3359375
6,O'Higgins,259,Rancagua,2009,2009,R,"Arts, entertainment and recreation",91,"Libraries, archives, museums and other cultural activities",346387680.0
6,O'Higgins,259,Rancagua,2010,2010,R,"Arts, entertainment and recreation",91,"Libraries, archives, museums and other cultural activities",350595712.0
6,O'Higgins,259,Rancagua,2011,2011,R,"Arts, entertainment and recreation",91,"Libraries, archives, museums and other cultural activities",471446720.0
6,O'Higgins,259,Rancagua,2012,2012,R,"Arts, entertainment and recreation",91,"Libraries, archives, museums and other cultural activities",691956608.0
6,O'Higgins,259,Rancagua,2013,2013,R,"Arts, entertainment and recreation",91,"Libraries, archives, museums and other cultural activities",637284544.0
6,O'Higgins,259,Rancagua,2014,2014,R,"Arts, entertainment and recreation",91,"Libraries, archives, museums and other cultural activities",824299584.0
6,O'Higgins,266,Requinoa,2011,2011,R,"Arts, entertainment and recreation",91,"Libraries, archives, museums and other cultural activities",10766679.0
6,O'Higgins,266,Requinoa,2012,2012,R,"Arts, entertainment and recreation",91,"Libraries, archives, museums and other cultural activities",10659778.0
6,O'Higgins,266,Requinoa,2013,2013,R,"Arts, entertainment and recreation",91,"Libraries, archives, museums and other cultural activities",10760392.0
6,O'Higgins,266,Requinoa,2014,2014,R,"Arts, entertainment and recreation",91,"Libraries, archives, museums and other cultural activities",10746774.0
6,O'Higgins,286,San Fernando,2014,2014,R,"Arts, entertainment and recreation",91,"Libraries, archives, museums and other cultural activities",30295028.0
6,O'Higgins,304,Santa Cruz,2012,2012,R,"Arts, entertainment and recreation",91,"Libraries, archives, museums and other cultural activities",149378.5
6,O'Higgins,304,Santa Cruz,2013,2013,R,"Arts, entertainment and recreation",91,"Libraries, archives, museums and other cultural activities",677608.9375
6,O'Higgins,304,Santa Cruz,2014,2014,R,"Arts, entertainment and recreation",91,"Libraries, archives, museums and other cultural activities",2294014.25
7,Maule,79,Curicó,2012,2012,R,"Arts, entertainment and recreation",91,"Libraries, archives, museums and other cultural activities",1659380.5
7,Maule,261,Rauco,2012,2012,R,"Arts, entertainment and recreation",91,"Libraries, archives, museums and other cultural activities",99814.078125
7,Maule,289,San Javier,2007,2007,R,"Arts, entertainment and recreation",91,"Libraries, archives, museums and other cultural activities",259804.015625
7,Maule,289,San Javier,2008,2008,R,"Arts, entertainment and recreation",91,"Libraries, archives, museums and other cultural activities",315138.25
7,Maule,289,San Javier,2009,2009,R,"Arts, entertainment and recreation",91,"Libraries, archives, museums and other cultural activities",299064.3125
7,Maule,289,San Javier,2010,2010,R,"Arts, entertainment and recreation",91,"Libraries, archives, museums and other cultural activities",289220.8125
7,Maule,311,Talca,2005,2005,R,"Arts, entertainment and recreation",91,"Libraries, archives, museums and other cultural activities",59835.46484375
7,Maule,311,Talca,2006,2006,R,"Arts, entertainment and recreation",91,"Libraries, archives, museums and other cultural activities",241123.390625
7,Maule,311,Talca,2007,2007,R,"Arts, entertainment and recreation",91,"Libraries, archives, museums and other cultural activities",1232106.875
7,Maule,311,Talca,2009,2009,R,"Arts, entertainment and recreation",91,"Libraries, archives, museums and other cultural activities",278959.15625
7,Maule,311,Talca,2010,2010,R,"Arts, entertainment and recreation",91,"Libraries, archives, museums and other cultural activities",101699.3046875
7,Maule,311,Talca,2012,2012,R,"Arts, entertainment and recreation",91,"Libraries, archives, museums and other cultural activities",7315664.0
7,Maule,311,Talca,2013,2013,R,"Arts, entertainment and recreation",91,"Libraries, archives, museums and other cultural activities",38369400.0
7,Maule,311,Talca,2014,2014,R,"Arts, entertainment and recreation",91,"Libraries, archives, museums and other cultural activities",30823770.0
7,Maule,332,Vichuquén,2005,2005,R,"Arts, entertainment and recreation",91,"Libraries, archives, museums and other cultural activities",488895.15625
8,Biobío,49,Cobquecura,2005,2005,R,"Arts, entertainment and recreation",91,"Libraries, archives, museums and other cultural activities",93157.015625
8,Biobío,64,Concepción,2005,2005,R,"Arts, entertainment and recreation",91,"Libraries, archives, museums and other cultural activities",52963704.0
8,Biobío,64,Concepción,2006,2006,R,"Arts, entertainment and recreation",91,"Libraries, archives, museums and other cultural activities",56050648.0
8,Biobío,64,Concepción,2007,2007,R,"Arts, entertainment and recreation",91,"Libraries, archives, museums and other cultural activities",81849840.0
8,Biobío,64,Concepción,2008,2008,R,"Arts, entertainment and recreation",91,"Libraries, archives, museums and other cultural activities",84468208.0
8,Biobío,64,Concepción,2009,2009,R,"Arts, entertainment and recreation",91,"Libraries, archives, museums and other cultural activities",133392744.0
8,Biobío,64,Concepción,2010,2010,R,"Arts, entertainment and recreation",91,"Libraries, archives, museums and other cultural activities",137498320.0
8,Biobío,64,Concepción,2011,2011,R,"Arts, entertainment and recreation",91,"Libraries, archives, museums and other cultural activities",212523198.0
8,Biobío,64,Concepción,2012,2012,R,"Arts, entertainment and recreation",91,"Libraries, archives, museums and other cultural activities",324544440.0
8,Biobío,64,Concepción,2013,2013,R,"Arts, entertainment and recreation",91,"Libraries, archives, museums and other cultural activities",319220004.0
8,Biobío,64,Concepción,2014,2014,R,"Arts, entertainment and recreation",91,"Libraries, archives, museums and other cultural activities",309553530.0
8,Biobío,152,Los Angeles,2005,2005,R,"Arts, entertainment and recreation",91,"Libraries, archives, museums and other cultural activities",241133.34375
8,Biobío,152,Los Angeles,2006,2006,R,"Arts, entertainment and recreation",91,"Libraries, archives, museums and other cultural activities",1246323.75
8,Biobío,152,Los Angeles,2007,2007,R,"Arts, entertainment and recreation",91,"Libraries, archives, museums and other cultural activities",2354915.5
8,Biobío,152,Los Angeles,2009,2009,R,"Arts, entertainment and recreation",91,"Libraries, archives, museums and other cultural activities",83562.09375
8,Biobío,152,Los Angeles,2014,2014,R,"Arts, entertainment and recreation",91,"Libraries, archives, museums and other cultural activities",11567349.0
8,Biobío,251,Quillón,2012,2012,R,"Arts, entertainment and recreation",91,"Libraries, archives, museums and other cultural activities",7613507.0
8,Biobío,251,Quillón,2013,2013,R,"Arts, entertainment and recreation",91,"Libraries, archives, museums and other cultural activities",11781118.0
8,Biobío,251,Quillón,2014,2014,R,"Arts, entertainment and recreation",91,"Libraries, archives, museums and other cultural activities",7726752.5
8,Biobío,298,San Pedro De La Paz,2011,2011,R,"Arts, entertainment and recreation",91,"Libraries, archives, museums and other cultural activities",10036772.0
9,Araucanía,8,Angol,2009,2009,R,"Arts, entertainment and recreation",91,"Libraries, archives, museums and other cultural activities",43894812.0
9,Araucanía,100,Gorbea,2008,2008,R,"Arts, entertainment and recreation",91,"Libraries, archives, museums and other cultural activities",20668694.0
9,Araucanía,100,Gorbea,2009,2009,R,"Arts, entertainment and recreation",91,"Libraries, archives, museums and other cultural activities",22849310.0
9,Araucanía,158,Lumaco,2011,2011,R,"Arts, entertainment and recreation",91,"Libraries, archives, museums and other cultural activities",358488.0
9,Araucanía,194,Padre Las Casas,2007,2007,R,"Arts, entertainment and recreation",91,"Libraries, archives, museums and other cultural activities",5595401.5
9,Araucanía,194,Padre Las Casas,2008,2008,R,"Arts, entertainment and recreation",91,"Libraries, archives, museums and other cultural activities",7081922.5
9,Araucanía,194,Padre Las Casas,2009,2009,R,"Arts, entertainment and recreation",91,"Libraries, archives, museums and other cultural activities",11863513.0
9,Araucanía,194,Padre Las Casas,2010,2010,R,"Arts, entertainment and recreation",91,"Libraries, archives, museums and other cultural activities",14423923.0
9,Araucanía,194,Padre Las Casas,2011,2011,R,"Arts, entertainment and recreation",91,"Libraries, archives, museums and other cultural activities",17581518.0
9,Araucanía,194,Padre Las Casas,2012,2012,R,"Arts, entertainment and recreation",91,"Libraries, archives, museums and other cultural activities",16331593.0
9,Araucanía,194,Padre Las Casas,2013,2013,R,"Arts, entertainment and recreation",91,"Libraries, archives, museums and other cultural activities",10716803.0
9,Araucanía,194,Padre Las Casas,2014,2014,R,"Arts, entertainment and recreation",91,"Libraries, archives, museums and other cultural activities",28910984.0
9,Araucanía,230,Pucón,2006,2006,R,"Arts, entertainment and recreation",91,"Libraries, archives, museums and other cultural activities",3263325.5
9,Araucanía,230,Pucón,2007,2007,R,"Arts, entertainment and recreation",91,"Libraries, archives, museums and other cultural activities",4085241.5
9,Araucanía,276,Saavedra,2010,2010,R,"Arts, entertainment and recreation",91,"Libraries, archives, museums and other cultural activities",790422.4375
9,Araucanía,314,Temuco,2013,2013,R,"Arts, entertainment and recreation",91,"Libraries, archives, museums and other cultural activities",8590505.0
9,Araucanía,314,Temuco,2014,2014,R,"Arts, entertainment and recreation",91,"Libraries, archives, museums and other cultural activities",12515492.0
10,Los Lagos,6,Ancud,2008,2008,R,"Arts, entertainment and recreation",91,"Libraries, archives, museums and other cultural activities",2399684.5
10,Los Lagos,6,Ancud,2010,2010,R,"Arts, entertainment and recreation",91,"Libraries, archives, museums and other cultural activities",74450.7578125
10,Los Lagos,6,Ancud,2011,2011,R,"Arts, entertainment and recreation",91,"Libraries, archives, museums and other cultural activities",1023741.875
10,Los Lagos,32,Castro,2011,2011,R,"Arts, entertainment and recreation",91,"Libraries, archives, museums and other cultural activities",12327484.0
10,Los Lagos,191,Osorno,2008,2008,R,"Arts, entertainment and recreation",91,"Libraries, archives, museums and other cultural activities",35885432.0
10,Los Lagos,191,Osorno,2009,2009,R,"Arts, entertainment and recreation",91,"Libraries, archives, museums and other cultural activities",39256172.0
10,Los Lagos,191,Osorno,2010,2010,R,"Arts, entertainment and recreation",91,"Libraries, archives, museums and other cultural activities",35490484.0
10,Los Lagos,191,Osorno,2011,2011,R,"Arts, entertainment and recreation",91,"Libraries, archives, museums and other cultural activities",40595424.0
10,Los Lagos,191,Osorno,2013,2013,R,"Arts, entertainment and recreation",91,"Libraries, archives, museums and other cultural activities",59830048.0
10,Los Lagos,233,Puerto Montt,2005,2005,R,"Arts, entertainment and recreation",91,"Libraries, archives, museums and other cultural activities",67788208.0
10,Los Lagos,233,Puerto Montt,2006,2006,R,"Arts, entertainment and recreation",91,"Libraries, archives, museums and other cultural activities",70031768.0
10,Los Lagos,233,Puerto Montt,2007,2007,R,"Arts, entertainment and recreation",91,"Libraries, archives, museums and other cultural activities",62328240.0
10,Los Lagos,233,Puerto Montt,2008,2008,R,"Arts, entertainment and recreation",91,"Libraries, archives, museums and other cultural activities",38740340.0
10,Los Lagos,233,Puerto Montt,2009,2009,R,"Arts, entertainment and recreation",91,"Libraries, archives, museums and other cultural activities",16478067.0
10,Los Lagos,233,Puerto Montt,2010,2010,R,"Arts, entertainment and recreation",91,"Libraries, archives, museums and other cultural activities",4990561.0
10,Los Lagos,235,Puerto Varas,2005,2005,R,"Arts, entertainment and recreation",91,"Libraries, archives, museums and other cultural activities",28425250.739257812
10,Los Lagos,235,Puerto Varas,2006,2006,R,"Arts, entertainment and recreation",91,"Libraries, archives, museums and other cultural activities",69921567.15625
10,Los Lagos,235,Puerto Varas,2007,2007,R,"Arts, entertainment and recreation",91,"Libraries, archives, museums and other cultural activities",22353179793.585938
10,Los Lagos,235,Puerto Varas,2008,2008,R,"Arts, entertainment and recreation",91,"Libraries, archives, museums and other cultural activities",781518846.8515625
10,Los Lagos,235,Puerto Varas,2009,2009,R,"Arts, entertainment and recreation",91,"Libraries, archives, museums and other cultural activities",263585622.453125
10,Los Lagos,235,Puerto Varas,2010,2010,R,"Arts, entertainment and recreation",91,"Libraries, archives, museums and other cultural activities",331111932.734375
10,Los Lagos,235,Puerto Varas,2011,2011,R,"Arts, entertainment and recreation",91,"Libraries, archives, museums and other cultural activities",276040672.0
10,Los Lagos,235,Puerto Varas,2013,2013,R,"Arts, entertainment and recreation",91,"Libraries, archives, museums and other cultural activities",5330430.0
10,Los Lagos,241,Purranque,2012,2012,R,"Arts, entertainment and recreation",91,"Libraries, archives, museums and other cultural activities",118892728.0
11,Aysén,54,Coihaique,2005,2005,R,"Arts, entertainment and recreation",91,"Libraries, archives, museums and other cultural activities",226443.203125
11,Aysén,54,Coihaique,2006,2006,R,"Arts, entertainment and recreation",91,"Libraries, archives, museums and other cultural activities",145957.578125
11,Aysén,54,Coihaique,2007,2007,R,"Arts, entertainment and recreation",91,"Libraries, archives, museums and other cultural activities",108709.5390625
11,Aysén,54,Coihaique,2008,2008,R,"Arts, entertainment and recreation",91,"Libraries, archives, museums and other cultural activities",44192.29296875
11,Aysén,54,Coihaique,2009,2009,R,"Arts, entertainment and recreation",91,"Libraries, archives, museums and other cultural activities",908921.0
11,Aysén,54,Coihaique,2010,2010,R,"Arts, entertainment and recreation",91,"Libraries, archives, museums and other cultural activities",217130.171875
11,Aysén,54,Coihaique,2011,2011,R,"Arts, entertainment and recreation",91,"Libraries, archives, museums and other cultural activities",110801.328125
11,Aysén,54,Coihaique,2012,2012,R,"Arts, entertainment and recreation",91,"Libraries, archives, museums and other cultural activities",120599.15625
11,Aysén,54,Coihaique,2013,2013,R,"Arts, entertainment and recreation",91,"Libraries, archives, museums and other cultural activities",34964.33984375
11,Aysén,54,Coihaique,2014,2014,R,"Arts, entertainment and recreation",91,"Libraries, archives, museums and other cultural activities",42604.8828125
12,Magallanes,179,Natales,2005,2005,R,"Arts, entertainment and recreation",91,"Libraries, archives, museums and other cultural activities",2709973.25
12,Magallanes,179,Natales,2006,2006,R,"Arts, entertainment and recreation",91,"Libraries, archives, museums and other cultural activities",3323102.25
12,Magallanes,179,Natales,2007,2007,R,"Arts, entertainment and recreation",91,"Libraries, archives, museums and other cultural activities",4763008.5
12,Magallanes,179,Natales,2009,2009,R,"Arts, entertainment and recreation",91,"Libraries, archives, museums and other cultural activities",510430976.0
12,Magallanes,179,Natales,2010,2010,R,"Arts, entertainment and recreation",91,"Libraries, archives, museums and other cultural activities",3804927.25
12,Magallanes,238,Punta Arenas,2012,2012,R,"Arts, entertainment and recreation",91,"Libraries, archives, museums and other cultural activities",10309173.0
12,Magallanes,238,Punta Arenas,2013,2013,R,"Arts, entertainment and recreation",91,"Libraries, archives, museums and other cultural activities",71423288.0
12,Magallanes,238,Punta Arenas,2014,2014,R,"Arts, entertainment and recreation",91,"Libraries, archives, museums and other cultural activities",76498424.0
13,Region Metropolitana Santiago,14,Buin,2005,2005,R,"Arts, entertainment and recreation",91,"Libraries, archives, museums and other cultural activities",926914048.0
13,Region Metropolitana Santiago,14,Buin,2006,2006,R,"Arts, entertainment and recreation",91,"Libraries, archives, museums and other cultural activities",1255320704.0
13,Region Metropolitana Santiago,14,Buin,2007,2007,R,"Arts, entertainment and recreation",91,"Libraries, archives, museums and other cultural activities",1321833728.0
13,Region Metropolitana Santiago,14,Buin,2008,2008,R,"Arts, entertainment and recreation",91,"Libraries, archives, museums and other cultural activities",1753537313.9375
13,Region Metropolitana Santiago,14,Buin,2009,2009,R,"Arts, entertainment and recreation",91,"Libraries, archives, museums and other cultural activities",1813832448.0
13,Region Metropolitana Santiago,14,Buin,2010,2010,R,"Arts, entertainment and recreation",91,"Libraries, archives, museums and other cultural activities",2044576384.0
13,Region Metropolitana Santiago,14,Buin,2011,2011,R,"Arts, entertainment and recreation",91,"Libraries, archives, museums and other cultural activities",2515119616.0
13,Region Metropolitana Santiago,14,Buin,2012,2012,R,"Arts, entertainment and recreation",91,"Libraries, archives, museums and other cultural activities",3106119936.0
13,Region Metropolitana Santiago,14,Buin,2013,2013,R,"Arts, entertainment and recreation",91,"Libraries, archives, museums and other cultural activities",4175820054.15625
13,Region Metropolitana Santiago,14,Buin,2014,2014,R,"Arts, entertainment and recreation",91,"Libraries, archives, museums and other cultural activities",5152443904.0
13,Region Metropolitana Santiago,83,El Bosque,2006,2006,R,"Arts, entertainment and recreation",91,"Libraries, archives, museums and other cultural activities",1916885.125
13,Region Metropolitana Santiago,83,El Bosque,2007,2007,R,"Arts, entertainment and recreation",91,"Libraries, archives, museums and other cultural activities",2599806.25
13,Region Metropolitana Santiago,83,El Bosque,2008,2008,R,"Arts, entertainment and recreation",91,"Libraries, archives, museums and other cultural activities",2046789.75
13,Region Metropolitana Santiago,83,El Bosque,2009,2009,R,"Arts, entertainment and recreation",91,"Libraries, archives, museums and other cultural activities",1485269.0
13,Region Metropolitana Santiago,83,El Bosque,2010,2010,R,"Arts, entertainment and recreation",91,"Libraries, archives, museums and other cultural activities",380621.46875
13,Region Metropolitana Santiago,85,El Monte,2013,2013,R,"Arts, entertainment and recreation",91,"Libraries, archives, museums and other cultural activities",191371.484375
13,Region Metropolitana Santiago,85,El Monte,2014,2014,R,"Arts, entertainment and recreation",91,"Libraries, archives, museums and other cultural activities",11634335.0
13,Region Metropolitana Santiago,90,Estacion Central,2006,2006,R,"Arts, entertainment and recreation",91,"Libraries, archives, museums and other cultural activities",97366.1796875
13,Region Metropolitana Santiago,90,Estacion Central,2007,2007,R,"Arts, entertainment and recreation",91,"Libraries, archives, museums and other cultural activities",305524.8125
13,Region Metropolitana Santiago,90,Estacion Central,2008,2008,R,"Arts, entertainment and recreation",91,"Libraries, archives, museums and other cultural activities",1005052.875
13,Region Metropolitana Santiago,90,Estacion Central,2009,2009,R,"Arts, entertainment and recreation",91,"Libraries, archives, museums and other cultural activities",3084676.75
13,Region Metropolitana Santiago,90,Estacion Central,2010,2010,R,"Arts, entertainment and recreation",91,"Libraries, archives, museums and other cultural activities",1674820.25
13,Region Metropolitana Santiago,90,Estacion Central,2011,2011,R,"Arts, entertainment and recreation",91,"Libraries, archives, museums and other cultural activities",350685.09375
13,Region Metropolitana Santiago,90,Estacion Central,2012,2012,R,"Arts, entertainment and recreation",91,"Libraries, archives, museums and other cultural activities",54817.80078125
13,Region Metropolitana Santiago,114,Isla De Maipo,2014,2014,R,"Arts, entertainment and recreation",91,"Libraries, archives, museums and other cultural activities",288875.875
13,Region Metropolitana Santiago,120,La Florida,2005,2005,R,"Arts, entertainment and recreation",91,"Libraries, archives, museums and other cultural activities",103765624.0
13,Region Metropolitana Santiago,120,La Florida,2006,2006,R,"Arts, entertainment and recreation",91,"Libraries, archives, museums and other cultural activities",323036405.5
13,Region Metropolitana Santiago,120,La Florida,2007,2007,R,"Arts, entertainment and recreation",91,"Libraries, archives, museums and other cultural activities",128234672.0
13,Region Metropolitana Santiago,120,La Florida,2008,2008,R,"Arts, entertainment and recreation",91,"Libraries, archives, museums and other cultural activities",117618645.0
13,Region Metropolitana Santiago,120,La Florida,2009,2009,R,"Arts, entertainment and recreation",91,"Libraries, archives, museums and other cultural activities",118123496.0
13,Region Metropolitana Santiago,120,La Florida,2010,2010,R,"Arts, entertainment and recreation",91,"Libraries, archives, museums and other cultural activities",95889141.5
13,Region Metropolitana Santiago,120,La Florida,2011,2011,R,"Arts, entertainment and recreation",91,"Libraries, archives, museums and other cultural activities",145927360.0
13,Region Metropolitana Santiago,120,La Florida,2012,2012,R,"Arts, entertainment and recreation",91,"Libraries, archives, museums and other cultural activities",118588716.0
13,Region Metropolitana Santiago,120,La Florida,2013,2013,R,"Arts, entertainment and recreation",91,"Libraries, archives, museums and other cultural activities",234818636.375
13,Region Metropolitana Santiago,120,La Florida,2014,2014,R,"Arts, entertainment and recreation",91,"Libraries, archives, museums and other cultural activities",187860448.0
13,Region Metropolitana Santiago,134,Las Condes,2005,2005,R,"Arts, entertainment and recreation",91,"Libraries, archives, museums and other cultural activities",7017947.75
13,Region Metropolitana Santiago,134,Las Condes,2006,2006,R,"Arts, entertainment and recreation",91,"Libraries, archives, museums and other cultural activities",46592192.0
13,Region Metropolitana Santiago,134,Las Condes,2007,2007,R,"Arts, entertainment and recreation",91,"Libraries, archives, museums and other cultural activities",44950803.71875
13,Region Metropolitana Santiago,134,Las Condes,2008,2008,R,"Arts, entertainment and recreation",91,"Libraries, archives, museums and other cultural activities",191362280.84375
13,Region Metropolitana Santiago,134,Las Condes,2009,2009,R,"Arts, entertainment and recreation",91,"Libraries, archives, museums and other cultural activities",285695442.0
13,Region Metropolitana Santiago,134,Las Condes,2010,2010,R,"Arts, entertainment and recreation",91,"Libraries, archives, museums and other cultural activities",188806263.53125
13,Region Metropolitana Santiago,134,Las Condes,2011,2011,R,"Arts, entertainment and recreation",91,"Libraries, archives, museums and other cultural activities",202516296.0
13,Region Metropolitana Santiago,134,Las Condes,2012,2012,R,"Arts, entertainment and recreation",91,"Libraries, archives, museums and other cultural activities",266570517.0
13,Region Metropolitana Santiago,134,Las Condes,2013,2013,R,"Arts, entertainment and recreation",91,"Libraries, archives, museums and other cultural activities",176532381.5
13,Region Metropolitana Santiago,134,Las Condes,2014,2014,R,"Arts, entertainment and recreation",91,"Libraries, archives, museums and other cultural activities",191525696.0
13,Region Metropolitana Santiago,143,Lo Barnechea,2012,2012,R,"Arts, entertainment and recreation",91,"Libraries, archives, museums and other cultural activities",18979978.0
13,Region Metropolitana Santiago,143,Lo Barnechea,2013,2013,R,"Arts, entertainment and recreation",91,"Libraries, archives, museums and other cultural activities",22169490.0
13,Region Metropolitana Santiago,143,Lo Barnechea,2014,2014,R,"Arts, entertainment and recreation",91,"Libraries, archives, museums and other cultural activities",27694898.0
13,Region Metropolitana Santiago,160,Macul,2013,2013,R,"Arts, entertainment and recreation",91,"Libraries, archives, museums and other cultural activities",580641.125
13,Region Metropolitana Santiago,160,Macul,2014,2014,R,"Arts, entertainment and recreation",91,"Libraries, archives, museums and other cultural activities",387384.28125
13,Region Metropolitana Santiago,162,Maipú,2005,2005,R,"Arts, entertainment and recreation",91,"Libraries, archives, museums and other cultural activities",10451858.0
13,Region Metropolitana Santiago,162,Maipú,2006,2006,R,"Arts, entertainment and recreation",91,"Libraries, archives, museums and other cultural activities",11317580.0
13,Region Metropolitana Santiago,162,Maipú,2007,2007,R,"Arts, entertainment and recreation",91,"Libraries, archives, museums and other cultural activities",12267302.0
13,Region Metropolitana Santiago,162,Maipú,2008,2008,R,"Arts, entertainment and recreation",91,"Libraries, archives, museums and other cultural activities",15891420.375
13,Region Metropolitana Santiago,162,Maipú,2009,2009,R,"Arts, entertainment and recreation",91,"Libraries, archives, museums and other cultural activities",91744264.9375
13,Region Metropolitana Santiago,162,Maipú,2010,2010,R,"Arts, entertainment and recreation",91,"Libraries, archives, museums and other cultural activities",1019724788.0
13,Region Metropolitana Santiago,162,Maipú,2011,2011,R,"Arts, entertainment and recreation",91,"Libraries, archives, museums and other cultural activities",912590082.0
13,Region Metropolitana Santiago,162,Maipú,2012,2012,R,"Arts, entertainment and recreation",91,"Libraries, archives, museums and other cultural activities",1474782944.0
13,Region Metropolitana Santiago,162,Maipú,2013,2013,R,"Arts, entertainment and recreation",91,"Libraries, archives, museums and other cultural activities",1705805018.125
13,Region Metropolitana Santiago,162,Maipú,2014,2014,R,"Arts, entertainment and recreation",91,"Libraries, archives, museums and other cultural activities",1728991622.0
13,Region Metropolitana Santiago,172,Melipilla,2011,2011,R,"Arts, entertainment and recreation",91,"Libraries, archives, museums and other cultural activities",17260484.0
13,Region Metropolitana Santiago,172,Melipilla,2014,2014,R,"Arts, entertainment and recreation",91,"Libraries, archives, museums and other cultural activities",4789232.0
13,Region Metropolitana Santiago,186,Ñuñoa,2005,2005,R,"Arts, entertainment and recreation",91,"Libraries, archives, museums and other cultural activities",601900158.0
13,Region Metropolitana Santiago,186,Ñuñoa,2007,2007,R,"Arts, entertainment and recreation",91,"Libraries, archives, museums and other cultural activities",762026009.0
13,Region Metropolitana Santiago,186,Ñuñoa,2008,2008,R,"Arts, entertainment and recreation",91,"Libraries, archives, museums and other cultural activities",1032491608.0
13,Region Metropolitana Santiago,186,Ñuñoa,2009,2009,R,"Arts, entertainment and recreation",91,"Libraries, archives, museums and other cultural activities",899900664.75
13,Region Metropolitana Santiago,186,Ñuñoa,2010,2010,R,"Arts, entertainment and recreation",91,"Libraries, archives, museums and other cultural activities",871341394.0
13,Region Metropolitana Santiago,186,Ñuñoa,2011,2011,R,"Arts, entertainment and recreation",91,"Libraries, archives, museums and other cultural activities",952883174.0
13,Region Metropolitana Santiago,193,Padre Hurtado,2008,2008,R,"Arts, entertainment and recreation",91,"Libraries, archives, museums and other cultural activities",2011393.0
13,Region Metropolitana Santiago,193,Padre Hurtado,2009,2009,R,"Arts, entertainment and recreation",91,"Libraries, archives, museums and other cultural activities",4207843.5
13,Region Metropolitana Santiago,193,Padre Hurtado,2010,2010,R,"Arts, entertainment and recreation",91,"Libraries, archives, museums and other cultural activities",1464126.75
13,Region Metropolitana Santiago,193,Padre Hurtado,2011,2011,R,"Arts, entertainment and recreation",91,"Libraries, archives, museums and other cultural activities",1265855.0
13,Region Metropolitana Santiago,197,Paine,2005,2005,R,"Arts, entertainment and recreation",91,"Libraries, archives, museums and other cultural activities",17226882.0
13,Region Metropolitana Santiago,197,Paine,2011,2011,R,"Arts, entertainment and recreation",91,"Libraries, archives, museums and other cultural activities",1561919.75
13,Region Metropolitana Santiago,212,Peñalolén,2006,2006,R,"Arts, entertainment and recreation",91,"Libraries, archives, museums and other cultural activities",1893964.75
13,Region Metropolitana Santiago,212,Peñalolén,2007,2007,R,"Arts, entertainment and recreation",91,"Libraries, archives, museums and other cultural activities",2300168.25
13,Region Metropolitana Santiago,212,Peñalolén,2008,2008,R,"Arts, entertainment and recreation",91,"Libraries, archives, museums and other cultural activities",1002049.5625
13,Region Metropolitana Santiago,221,Pirque,2006,2006,R,"Arts, entertainment and recreation",91,"Libraries, archives, museums and other cultural activities",551741.6875
13,Region Metropolitana Santiago,221,Pirque,2007,2007,R,"Arts, entertainment and recreation",91,"Libraries, archives, museums and other cultural activities",128332.1953125
13,Region Metropolitana Santiago,221,Pirque,2012,2012,R,"Arts, entertainment and recreation",91,"Libraries, archives, museums and other cultural activities",6589556.5
13,Region Metropolitana Santiago,228,Providencia,2005,2005,R,"Arts, entertainment and recreation",91,"Libraries, archives, museums and other cultural activities",812118301.0
13,Region Metropolitana Santiago,228,Providencia,2006,2006,R,"Arts, entertainment and recreation",91,"Libraries, archives, museums and other cultural activities",940075033.375
13,Region Metropolitana Santiago,228,Providencia,2007,2007,R,"Arts, entertainment and recreation",91,"Libraries, archives, museums and other cultural activities",1093604405.5
13,Region Metropolitana Santiago,228,Providencia,2008,2008,R,"Arts, entertainment and recreation",91,"Libraries, archives, museums and other cultural activities",1315058405.5
13,Region Metropolitana Santiago,228,Providencia,2009,2009,R,"Arts, entertainment and recreation",91,"Libraries, archives, museums and other cultural activities",1732052425.0
13,Region Metropolitana Santiago,228,Providencia,2010,2010,R,"Arts, entertainment and recreation",91,"Libraries, archives, museums and other cultural activities",1594634896.5
13,Region Metropolitana Santiago,228,Providencia,2011,2011,R,"Arts, entertainment and recreation",91,"Libraries, archives, museums and other cultural activities",1648039083.0
13,Region Metropolitana Santiago,228,Providencia,2012,2012,R,"Arts, entertainment and recreation",91,"Libraries, archives, museums and other cultural activities",1713385112.0
13,Region Metropolitana Santiago,228,Providencia,2013,2013,R,"Arts, entertainment and recreation",91,"Libraries, archives, museums and other cultural activities",1796208314.007813
13,Region Metropolitana Santiago,228,Providencia,2014,2014,R,"Arts, entertainment and recreation",91,"Libraries, archives, museums and other cultural activities",2346622001.0
13,Region Metropolitana Santiago,232,Puente Alto,2013,2013,R,"Arts, entertainment and recreation",91,"Libraries, archives, museums and other cultural activities",4948852.75
13,Region Metropolitana Santiago,232,Puente Alto,2014,2014,R,"Arts, entertainment and recreation",91,"Libraries, archives, museums and other cultural activities",3126410.25
13,Region Metropolitana Santiago,256,Quinta Normal,2007,2007,R,"Arts, entertainment and recreation",91,"Libraries, archives, museums and other cultural activities",9001503.0
13,Region Metropolitana Santiago,256,Quinta Normal,2008,2008,R,"Arts, entertainment and recreation",91,"Libraries, archives, museums and other cultural activities",802969.6875
13,Region Metropolitana Santiago,256,Quinta Normal,2011,2011,R,"Arts, entertainment and recreation",91,"Libraries, archives, museums and other cultural activities",2668372.5
13,Region Metropolitana Santiago,262,Recoleta,2005,2005,R,"Arts, entertainment and recreation",91,"Libraries, archives, museums and other cultural activities",1413478.5
13,Region Metropolitana Santiago,262,Recoleta,2006,2006,R,"Arts, entertainment and recreation",91,"Libraries, archives, museums and other cultural activities",86565502.0
13,Region Metropolitana Santiago,262,Recoleta,2007,2007,R,"Arts, entertainment and recreation",91,"Libraries, archives, museums and other cultural activities",2421043.75
13,Region Metropolitana Santiago,262,Recoleta,2008,2008,R,"Arts, entertainment and recreation",91,"Libraries, archives, museums and other cultural activities",26997202.0
13,Region Metropolitana Santiago,262,Recoleta,2009,2009,R,"Arts, entertainment and recreation",91,"Libraries, archives, museums and other cultural activities",435821.3359375
13,Region Metropolitana Santiago,262,Recoleta,2011,2011,R,"Arts, entertainment and recreation",91,"Libraries, archives, museums and other cultural activities",5837914.5
13,Region Metropolitana Santiago,262,Recoleta,2013,2013,R,"Arts, entertainment and recreation",91,"Libraries, archives, museums and other cultural activities",236679904.0
13,Region Metropolitana Santiago,262,Recoleta,2014,2014,R,"Arts, entertainment and recreation",91,"Libraries, archives, museums and other cultural activities",248819664.0
13,Region Metropolitana Santiago,280,San Bernardo,2006,2006,R,"Arts, entertainment and recreation",91,"Libraries, archives, museums and other cultural activities",288507712.0
13,Region Metropolitana Santiago,280,San Bernardo,2012,2012,R,"Arts, entertainment and recreation",91,"Libraries, archives, museums and other cultural activities",8963167.0
13,Region Metropolitana Santiago,280,San Bernardo,2013,2013,R,"Arts, entertainment and recreation",91,"Libraries, archives, museums and other cultural activities",258269.921875
13,Region Metropolitana Santiago,290,San Joaquín,2007,2007,R,"Arts, entertainment and recreation",91,"Libraries, archives, museums and other cultural activities",13707017.0
13,Region Metropolitana Santiago,290,San Joaquín,2009,2009,R,"Arts, entertainment and recreation",91,"Libraries, archives, museums and other cultural activities",251942.84375
13,Region Metropolitana Santiago,290,San Joaquín,2010,2010,R,"Arts, entertainment and recreation",91,"Libraries, archives, museums and other cultural activities",14788882.0
13,Region Metropolitana Santiago,290,San Joaquín,2011,2011,R,"Arts, entertainment and recreation",91,"Libraries, archives, museums and other cultural activities",19227486.0
13,Region Metropolitana Santiago,290,San Joaquín,2012,2012,R,"Arts, entertainment and recreation",91,"Libraries, archives, museums and other cultural activities",19736692.0
13,Region Metropolitana Santiago,290,San Joaquín,2013,2013,R,"Arts, entertainment and recreation",91,"Libraries, archives, museums and other cultural activities",19402412.0
13,Region Metropolitana Santiago,290,San Joaquín,2014,2014,R,"Arts, entertainment and recreation",91,"Libraries, archives, museums and other cultural activities",20053354.0
13,Region Metropolitana Santiago,291,San José De Maipo,2008,2008,R,"Arts, entertainment and recreation",91,"Libraries, archives, museums and other cultural activities",6950203.5
13,Region Metropolitana Santiago,300,San Ramón,2007,2007,R,"Arts, entertainment and recreation",91,"Libraries, archives, museums and other cultural activities",10634304.0
13,Region Metropolitana Santiago,307,Santiago,2005,2005,R,"Arts, entertainment and recreation",91,"Libraries, archives, museums and other cultural activities",1707042434.9052734
13,Region Metropolitana Santiago,307,Santiago,2006,2006,R,"Arts, entertainment and recreation",91,"Libraries, archives, museums and other cultural activities",1599139556.0
13,Region Metropolitana Santiago,307,Santiago,2007,2007,R,"Arts, entertainment and recreation",91,"Libraries, archives, museums and other cultural activities",1721777368.75
13,Region Metropolitana Santiago,307,Santiago,2008,2008,R,"Arts, entertainment and recreation",91,"Libraries, archives, museums and other cultural activities",2032717864.5625
13,Region Metropolitana Santiago,307,Santiago,2009,2009,R,"Arts, entertainment and recreation",91,"Libraries, archives, museums and other cultural activities",4075285046.0
13,Region Metropolitana Santiago,307,Santiago,2010,2010,R,"Arts, entertainment and recreation",91,"Libraries, archives, museums and other cultural activities",2335186870.5
13,Region Metropolitana Santiago,307,Santiago,2011,2011,R,"Arts, entertainment and recreation",91,"Libraries, archives, museums and other cultural activities",1079421187.0
13,Region Metropolitana Santiago,307,Santiago,2012,2012,R,"Arts, entertainment and recreation",91,"Libraries, archives, museums and other cultural activities",3013459629.25
13,Region Metropolitana Santiago,307,Santiago,2013,2013,R,"Arts, entertainment and recreation",91,"Libraries, archives, museums and other cultural activities",1594931502.478516
13,Region Metropolitana Santiago,307,Santiago,2014,2014,R,"Arts, entertainment and recreation",91,"Libraries, archives, museums and other cultural activities",622269695.25
13,Region Metropolitana Santiago,310,Talagante,2013,2013,R,"Arts, entertainment and recreation",91,"Libraries, archives, museums and other cultural activities",3146091.25
13,Region Metropolitana Santiago,310,Talagante,2014,2014,R,"Arts, entertainment and recreation",91,"Libraries, archives, museums and other cultural activities",3218762.0
13,Region Metropolitana Santiago,340,Vitacura,2005,2005,R,"Arts, entertainment and recreation",91,"Libraries, archives, museums and other cultural activities",224402704.0
13,Region Metropolitana Santiago,340,Vitacura,2006,2006,R,"Arts, entertainment and recreation",91,"Libraries, archives, museums and other cultural activities",227395868.0
13,Region Metropolitana Santiago,340,Vitacura,2007,2007,R,"Arts, entertainment and recreation",91,"Libraries, archives, museums and other cultural activities",189261536.0
13,Region Metropolitana Santiago,340,Vitacura,2008,2008,R,"Arts, entertainment and recreation",91,"Libraries, archives, museums and other cultural activities",220239808.0
13,Region Metropolitana Santiago,340,Vitacura,2009,2009,R,"Arts, entertainment and recreation",91,"Libraries, archives, museums and other cultural activities",272201088.0
13,Region Metropolitana Santiago,340,Vitacura,2010,2010,R,"Arts, entertainment and recreation",91,"Libraries, archives, museums and other cultural activities",145150016.0
13,Region Metropolitana Santiago,340,Vitacura,2011,2011,R,"Arts, entertainment and recreation",91,"Libraries, archives, museums and other cultural activities",130653720.0
13,Region Metropolitana Santiago,340,Vitacura,2012,2012,R,"Arts, entertainment and recreation",91,"Libraries, archives, museums and other cultural activities",9122596.0
13,Region Metropolitana Santiago,340,Vitacura,2013,2013,R,"Arts, entertainment and recreation",91,"Libraries, archives, museums and other cultural activities",1031214.9375
13,Region Metropolitana Santiago,340,Vitacura,2014,2014,R,"Arts, entertainment and recreation",91,"Libraries, archives, museums and other cultural activities",9265699.875
13,Region Metropolitana Santiago,346,Lampa,2005,2005,R,"Arts, entertainment and recreation",91,"Libraries, archives, museums and other cultural activities",6685628.0
13,Region Metropolitana Santiago,346,Lampa,2006,2006,R,"Arts, entertainment and recreation",91,"Libraries, archives, museums and other cultural activities",4591613.0
13,Region Metropolitana Santiago,346,Lampa,2007,2007,R,"Arts, entertainment and recreation",91,"Libraries, archives, museums and other cultural activities",5686450.5
13,Region Metropolitana Santiago,346,Lampa,2008,2008,R,"Arts, entertainment and recreation",91,"Libraries, archives, museums and other cultural activities",4178746.0
13,Region Metropolitana Santiago,346,Lampa,2009,2009,R,"Arts, entertainment and recreation",91,"Libraries, archives, museums and other cultural activities",2130938.0
13,Region Metropolitana Santiago,346,Lampa,2010,2010,R,"Arts, entertainment and recreation",91,"Libraries, archives, museums and other cultural activities",94189.8671875
13,Region Metropolitana Santiago,346,Lampa,2011,2011,R,"Arts, entertainment and recreation",91,"Libraries, archives, museums and other cultural activities",11882718.0
13,Region Metropolitana Santiago,346,Lampa,2012,2012,R,"Arts, entertainment and recreation",91,"Libraries, archives, museums and other cultural activities",11576377.0
13,Region Metropolitana Santiago,346,Lampa,2013,2013,R,"Arts, entertainment and recreation",91,"Libraries, archives, museums and other cultural activities",17314342.0
13,Region Metropolitana Santiago,346,Lampa,2014,2014,R,"Arts, entertainment and recreation",91,"Libraries, archives, museums and other cultural activities",31848750.0
14,Los Ríos,329,Valdivia,2006,2006,R,"Arts, entertainment and recreation",91,"Libraries, archives, museums and other cultural activities",3207216.25
14,Los Ríos,329,Valdivia,2007,2007,R,"Arts, entertainment and recreation",91,"Libraries, archives, museums and other cultural activities",3674539.25
14,Los Ríos,329,Valdivia,2008,2008,R,"Arts, entertainment and recreation",91,"Libraries, archives, museums and other cultural activities",1392271.75
14,Los Ríos,329,Valdivia,2009,2009,R,"Arts, entertainment and recreation",91,"Libraries, archives, museums and other cultural activities",620118.6796875
14,Los Ríos,329,Valdivia,2010,2010,R,"Arts, entertainment and recreation",91,"Libraries, archives, museums and other cultural activities",494979.53125
14,Los Ríos,329,Valdivia,2011,2011,R,"Arts, entertainment and recreation",91,"Libraries, archives, museums and other cultural activities",72455.59375
14,Los Ríos,329,Valdivia,2013,2013,R,"Arts, entertainment and recreation",91,"Libraries, archives, museums and other cultural activities",1851711.5
15,Arica y Parinacota,12,Arica,2005,2005,R,"Arts, entertainment and recreation",91,"Libraries, archives, museums and other cultural activities",2644046.875
15,Arica y Parinacota,12,Arica,2006,2006,R,"Arts, entertainment and recreation",91,"Libraries, archives, museums and other cultural activities",15640381.75
15,Arica y Parinacota,12,Arica,2007,2007,R,"Arts, entertainment and recreation",91,"Libraries, archives, museums and other cultural activities",15630821.75
15,Arica y Parinacota,12,Arica,2008,2008,R,"Arts, entertainment and recreation",91,"Libraries, archives, museums and other cultural activities",17088473.75
15,Arica y Parinacota,12,Arica,2009,2009,R,"Arts, entertainment and recreation",91,"Libraries, archives, museums and other cultural activities",16052089.5
15,Arica y Parinacota,12,Arica,2010,2010,R,"Arts, entertainment and recreation",91,"Libraries, archives, museums and other cultural activities",15478892.21875
15,Arica y Parinacota,12,Arica,2011,2011,R,"Arts, entertainment and recreation",91,"Libraries, archives, museums and other cultural activities",15457343.0
15,Arica y Parinacota,12,Arica,2012,2012,R,"Arts, entertainment and recreation",91,"Libraries, archives, museums and other cultural activities",17248420.0
15,Arica y Parinacota,12,Arica,2013,2013,R,"Arts, entertainment and recreation",91,"Libraries, archives, museums and other cultural activities",18070735.7265625
15,Arica y Parinacota,12,Arica,2014,2014,R,"Arts, entertainment and recreation",91,"Libraries, archives, museums and other cultural activities",30434416.0
